"male","female"
"Jacob","Emma"
"Michael","Isabella"
"Ethan","Emily"
"Joshua","Madison"
"Daniel","Ava"
"Alexander","Olivia"
"Anthony","Sophia"
"William","Abigail"
"Christopher","Elizabeth"
"Jayden","Samantha"
"Andrew","Addison"
"Joseph","Natalie"
"David","Mia"
"Noah","Alexis"
"Aiden","Alyssa"
"James","Hannah"
"Ryan","Ashley"
"Logan","Ella"
"Nathan","Grace"
"Elijah","Taylor"
"Christian","Brianna"
"Gabriel","Lily"
"Benjamin","Hailey"
"Jonathan","Anna"
"Tyler","Victoria"
"Samuel","Kayla"
"Nicholas","Lillian"
"Dylan","Kaylee"
"Jackson","Allison"
"Brandon","Savannah"
"Caleb","Nevaeh"
"Mason","Gabriella"
"Angel","Sofia"
"Isaac","Makayla"
"Evan","Avery"
"Jack","Riley"
"Jose","Leah"
"Isaiah","Aubrey"
"Luke","Jasmine"
"Landon","Audrey"
"Justin","Katherine"
"Lucas","Morgan"
"Zachary","Brooklyn"
"Jordan","Destiny"
"Robert","Sydney"
"Brayden","Kylie"
"Thomas","Brooke"
"Cameron","Kaitlyn"
"Hunter","Evelyn"
"Austin","Layla"
"Adrian","Madeline"
"Connor","Kimberly"
"Owen","Zoe"
"Aidan","Jessica"
"Julian","Alexandra"
"Wyatt","Claire"
"Charles","Madelyn"
"Luis","Maria"
"Carter","Mackenzie"
"Juan","Arianna"
"Chase","Jocelyn"
"Diego","Amelia"
"Jeremiah","Angelina"
"Xavier","Andrea"
"Adam","Maya"
"Carlos","Valeria"
"Sebastian","Sophie"
"Liam","Rachel"
"Hayden","Vanessa"
"Nathaniel","Aaliyah"
"Henry","Mariah"
"Jesus","Gabrielle"
"Tristan","Ariana"
"Bryan","Bailey"
"Sean","Camila"
"Cole","Jennifer"
"Alex","Melanie"
"Eric","Gianna"
"Brian","Charlotte"
"Jaden","Paige"
"Carson","Autumn"
"Ayden","Faith"
"Cooper","Sara"
"Dominic","Isabelle"
"Brady","Caroline"
"Caden","Genesis"
"Josiah","Isabel"
"Kyle","Mary"
"Colton","Zoey"
"Kaden","Gracie"
"Miguel","Haley"
"Antonio","Mya"
"Parker","Michelle"
"Steven","Molly"
"Alejandro","Stephanie"
"Riley","Nicole"
"Richard","Jenna"
"Timothy","Natalia"
"Devin","Sadie"
"Victor","Serenity"
"Jake","Lucy"
"Joel","Ruby"
"Colin","Eva"
"Kaleb","Kennedy"
"Bryce","Rylee"
"Levi","Jayla"
"Oliver","Naomi"
"Oscar","Rebecca"
"Ashton","Daniela"
"Cody","Bella"
"Micah","Keira"
"Preston","Adriana"
"Marcus","Lilly"
"Max","Hayden"
"Patrick","Miley"
"Seth","Katie"
"Jeremy","Jade"
"Nolan","Gabriela"
"Ivan","Amy"
"Damian","Angela"
"Maxwell","Melissa"
"Alan","Valerie"
"Kenneth","Giselle"
"Jonah","Diana"
"Jorge","Amanda"
"Mark","Kate"
"Eduardo","Reagan"
"Grant","Jordyn"
"Collin","Kylee"
"Gage","Danielle"
"Omar","Briana"
"Emmanuel","Marley"
"Trevor","Leslie"
"Edward","Kendall"
"Ricardo","Catherine"
"Nicolas","Mckenzie"
"Kayden","Jacqueline"
"George","Ashlyn"
"Jaxon","Reese"
"Paul","Marissa"
"Braden","London"
"Elias","Juliana"
"Andres","Shelby"
"Derek","Cheyenne"
"Tanner","Daisy"
"Malachi","Makenzie"
"Conner","Miranda"
"Fernando","Erin"
"Cesar","Amber"
"Javier","Alana"
"Miles","Ellie"
"Jaiden","Breanna"
"Alexis","Ana"
"Santiago","Summer"
"Francisco","Piper"
"Cayden","Adrianna"
"Shane","Jillian"
"Edwin","Sierra"
"Hudson","Jayden"
"Travis","Sienna"
"Bryson","Alicia"
"Erick","Lila"
"Hector","Alivia"
"Josue","Brooklynn"
"Peter","Karen"
"Jaylen","Violet"
"Mario","Sabrina"
"Manuel","Stella"
"Abraham","Aniyah"
"Grayson","Annabelle"
"Damien","Alexandria"
"Spencer","Skylar"
"Stephen","Aliyah"
"Edgar","Delilah"
"Wesley","Julianna"
"Shawn","Kelsey"
"Trenton","Khloe"
"Jared","Carly"
"Jeffrey","Amaya"
"Landen","Mariana"
"Bradley","Alondra"
"Braxton","Tessa"
"Ryder","Eliana"
"Camden","Bianca"
"Roman","Jazmin"
"Asher","Clara"
"Brendan","Vivian"
"Maddox","Josephine"
"Sergio","Delaney"
"Andy","Elena"
"Lincoln","Cadence"
"Erik","Alexia"
"Donovan","Maggie"
"Raymond","Laura"
"Avery","Nora"
"Rylan","Ariel"
"Dalton","Elise"
"Harrison","Nadia"
"Martin","Chelsea"
"Keegan","Lyla"
"Marco","Alaina"
"Jude","Jasmin"
"Sawyer","Hope"
"Dakota","Leila"
"Leo","Caitlyn"
"Calvin","Cassidy"
"Kai","Makenna"
"Troy","Izabella"
"Zion","Eden"
"Clayton","Callie"
"Roberto","Haylee"
"Zane","Caitlin"
"Gregory","Kendra"
"Tucker","Karina"
"Rafael","Kyra"
"Kingston","Kayleigh"
"Ezekiel","Kiara"
"Griffin","Jazmine"
"Devon","Karla"
"Drew","Camryn"
"Lukas","Alina"
"Johnny","Lola"
"Ty","Kyla"
"Pedro","Kelly"
"Tyson","Fatima"
"Mateo","Kira"
"Braylon","Crystal"
"Cash","Mallory"
"Aden","Esmeralda"
"Chance","Alejandra"
"Taylor","Eleanor"
"Marcos","Angelica"
"Maximus","Jayda"
"Ruben","Abby"
"Simon","Veronica"
"Corbin","Carmen"
"Brennan","Jamie"
"Dillon","Ryleigh"
"Skyler","Valentina"
"Myles","Allyson"
"Xander","Dakota"
"Jaxson","Kamryn"
"Dawson","Courtney"
"Kyler","Madeleine"
"Axel","Aniya"
"Colby","Alison"
"Jonas","Esther"
"Joaquin","Heaven"
"Payton","Aubree"
"Brock","Lindsey"
"Frank","Leilani"
"Enrique","Nina"
"Emilio","Macy"
"Malik","Ashlynn"
"Grady","Joanna"
"Angelo","Cassandra"
"Julio","Alayna"
"Derrick","Kaydence"
"Raul","Madilyn"
"Fabian","Aurora"
"Corey","Heidi"
"Dante","Kimora"
"Ezra","Madalyn"
"Armando","Erica"
"Allen","Josie"
"Theodore","Katelynn"
"Gael","Guadalupe"
"Amir","Harper"
"Zander","Ivy"
"Adan","Lexi"
"Randy","Savanna"
"Easton","Dulce"
"Dustin","Daniella"
"Luca","Lucia"
"Phillip","Emely"
"Julius","Joselyn"
"Charlie","Kiley"
"Ronald","Kailey"
"Jakob","Miriam"
"Brett","Rihanna"
"Trent","Georgia"
"Silas","Rylie"
"Keith","Harmony"
"Emiliano","Kiera"
"Trey","Kyleigh"
"Jalen","Monica"
"Darius","Bethany"
"Lane","Kaylie"
"Jaime","Teagan"
"Scott","Cora"
"Graham","Brynn"
"Weston","Ciara"
"Braydon","Genevieve"
"Anderson","Alice"
"Rodrigo","Maddison"
"Pablo","Eliza"
"Saul","Tatiana"
"Donald","Erika"
"Elliot","Ximena"
"Brayan","April"
"Dallas","Marely"
"Lorenzo","Julie"
"Casey","Danica"
"Mitchell","Presley"
"Alberto","Brielle"
"Tristen","Julissa"
"Jayson","Iris"
"Gustavo","Brenda"
"Aaden","Hazel"
"Amari","Rose"
"Dean","Malia"
"Braeden","Shayla"
"Declan","Fiona"
"Chris","Phoebe"
"Ismael","Nayeli"
"Louis","Kaelyn"
"Arturo","Selena"
"Brenden","Audrina"
"Felix","Rebekah"
"Jimmy","Carolina"
"Cohen","Janiyah"
"Tony","Michaela"
"Holden","Penelope"
"Reid","Janiya"
"Bennett","Adeline"
"Zackary","Ruth"
"Arthur","Sasha"
"Nehemiah","Denise"
"Ricky","Holly"
"Esteban","Madisyn"
"Cruz","Hanna"
"Finn","Tatum"
"Mauricio","Marlee"
"Keaton","Helen"
"Albert","Janelle"
"Marvin","Lizbeth"
"Mathew","Serena"
"Larry","Anya"
"Moises","Jaslene"
"Issac","Kaylin"
"Philip","Jazlyn"
"Quentin","Nancy"
"Greyson","Desiree"
"Jameson","Hayley"
"Everett","Itzel"
"Jayce","Imani"
"Darren","Madelynn"
"Elliott","Asia"
"Uriel","Kadence"
"Alfredo","Madyson"
"Hugo","Talia"
"Jamari","Kayden"
"Marshall","Annie"
"Walter","Amari"
"Judah","Bridget"
"Jay","Raegan"
"Lance","Jadyn"
"Beau","Celeste"
"Ali","Jimena"
"Landyn","Luna"
"Phoenix","Emilia"
"Nickolas","Annika"
"Kobe","Estrella"
"Bryant","Sarai"
"Maurice","Lacey"
"Russell","Ayla"
"Leland","Alessandra"
"Colten","Willow"
"Reed","Nyla"
"Joe","Lilah"
"Ernesto","Lilliana"
"Desmond","Natasha"
"Kade","Hadley"
"Reece","Harley"
"Morgan","Priscilla"
"Ramon","Claudia"
"Rocco","Allisson"
"Orlando","Baylee"
"Brodie","Brittany"
"Paxton","Skyler"
"Jacoby","Fernanda"
"Douglas","Danna"
"Kristopher","Melany"
"Gary","Cali"
"Lawrence","Lia"
"Izaiah","Macie"
"Solomon","Lyric"
"Mekhi","Gloria"
"Justice","Lana"
"Tate","Mylee"
"Jaydon","Cindy"
"Salvador","Lilian"
"Shaun","Amira"
"Alvin","Anahi"
"Eddie","Alissa"
"Kane","Anaya"
"Zachariah","Ainsley"
"Dorian","Sandra"
"Titus","Noelle"
"Kellen","Marisol"
"Camron","Meredith"
"Isiah","Kailyn"
"Javon","Lesly"
"Nasir","Johanna"
"Milo","Diamond"
"Byron","Juliet"
"Jasper","Kathleen"
"Jonathon","Meghan"
"Chad","Paisley"
"Marc","Athena"
"Kelvin","Hailee"
"Chandler","Rosa"
"Sam","Wendy"
"Cory","Emilee"
"River","Alanna"
"Reese","Elaina"
"Roger","Cara"
"Quinton","Nia"
"Talon","Paris"
"Romeo","Casey"
"Franklin","Dana"
"Noel","Emery"
"Alijah","Rowan"
"Gunner","Kaitlin"
"Damon","Jaden"
"Jadon","Kenzie"
"Emerson","Kiana"
"Micheal","Viviana"
"Bruce","Norah"
"Terry","Lauryn"
"Kolton","Perla"
"Melvin","Amiyah"
"Porter","Rachael"
"August","Shannon"
"Brycen","Aileen"
"Dayton","Miracle"
"Jamarion","Lillie"
"Leonel","Danika"
"Karson","Heather"
"Zayden","Kassidy"
"Keagan","Taryn"
"Khalil","Francesca"
"Cristopher","Kristen"
"Nelson","Amya"
"Braiden","Elle"
"Moses","Kristina"
"Isaias","Cheyanne"
"Roy","Haylie"
"Triston","Patricia"
"Walker","Anne"
"Jermaine","Skye"
"Leon","Kali"
"Rodney","America"
"Kristian","Lexie"
"Mohamed","Parker"
"Ronan","Halle"
"Pierce","Londyn"
"Trace","Abbigail"
"Warren","Linda"
"Maverick","Saniya"
"Cyrus","Bryanna"
"Quincy","Bailee"
"Nathanael","Jaylynn"
"Skylar","Mckayla"
"Tommy","Quinn"
"Conor","Jaelynn"
"Noe","Jaida"
"Ezequiel","Caylee"
"Jaylin","Melina"
"Kendrick","Abril"
"Frederick","Sidney"
"Terrance","Kassandra"
"Bobby","Elisabeth"
"Jamison","Adalyn"
"Jon","Kaylynn"
"Rohan","Mercedes"
"Jett","Yesenia"
"Tobias","Brylee"
"Ari","Dylan"
"Colt","Isabela"
"Gideon","Ryan"
"Felipe","Ashlee"
"Kenny","Daphne"
"Wilson","Kenya"
"Orion","Marina"
"Kamari","Christine"
"Jessie","Kaitlynn"
"Alonzo","Justice"
"Gianni","Saniyah"
"Omari","Jaliyah"
"Waylon","Ingrid"
"Malcolm","Marie"
"Emmett","Natalee"
"Abram","Joy"
"Julien","Juliette"
"Tomas","Adelaide"
"Allan","Krystal"
"Terrell","Kennedi"
"Matteo","Mila"
"Tristin","Tamia"
"Jairo","Addisyn"
"Reginald","Aylin"
"Brent","Dayanara"
"Ahmad","Sylvia"
"Rene","Maritza"
"Willie","Virginia"
"Boston","Braelyn"
"Billy","Jolie"
"Marlon","Jaidyn"
"Trevon","Kinsley"
"Aydan","Kirsten"
"Jamal","Laney"
"Aldo","Marilyn"
"Cason","Janessa"
"Braylen","Raquel"
"Javion","Anika"
"Joey","Kamila"
"Rogelio","Aria"
"Ahmed","Rubi"
"Dominik","Adelyn"
"Brendon","Amara"
"Toby","Ayanna"
"Marquis","Zariah"
"Ulises","Kaleigh"
"Armani","Amani"
"Adriel","Carla"
"Alfonso","Yareli"
"Branden","Gwendolyn"
"Will","Paulina"
"Craig","Nathalie"
"Ibrahim","Annabella"
"Wade","Tabitha"
"Harley","Deanna"
"Steve","Madalynn"
"Davin","Journey"
"Deshawn","Aiyana"
"Kason","Skyla"
"Damion","Yaretzi"
"Jaylon","Ada"
"Jefferson","Liana"
"Brooks","Jenny"
"Darian","Myla"
"Gerald","Cristina"
"Rolando","Myah"
"Terrence","Lisa"
"Enzo","Tania"
"Kian","Isis"
"Ryland","Jayleen"
"Barrett","Jordin"
"Ben","Azul"
"Bradyn","Helena"
"Giovani","Aryanna"
"Blaine","Jaqueline"
"Madden","Lucille"
"Jerome","Destinee"
"Muhammad","Martha"
"Ronnie","Zoie"
"Layne","Arielle"
"Leonard","Marlene"
"Vicente","Elisa"
"Cale","Isla"
"Alessandro","Noemi"
"Zachery","Raven"
"Gavyn","Jessie"
"Aydin","Aleah"
"Xzavier","Kailee"
"Malakai","Kaliyah"
"Cannon","Haven"
"Rudy","Tara"
"Asa","Giana"
"Darrell","Camilla"
"Giancarlo","Maliyah"
"Elisha","Irene"
"Junior","Carley"
"Zackery","Maeve"
"Alvaro","Lea"
"Valentin","Sharon"
"Deacon","Alisha"
"Jase","Marisa"
"Harry","Jaylene"
"Kendall","Kaya"
"Rashad","Scarlet"
"Finnegan","Siena"
"Mohammed","Adyson"
"Ramiro","Maia"
"Brennen","Tiana"
"Santino","Jaycee"
"Stanley","Gisselle"
"Tyrone","Yazmin"
"Chace","Eve"
"Francis","Shyanne"
"Johnathon","Arabella"
"Teagan","Sherlyn"
"Zechariah","Sariah"
"Kaeden","Kiersten"
"Kamden","Madilynn"
"Gilberto","Shania"
"Ray","Aleena"
"Karter","Finley"
"Luciano","Kinley"
"Nico","Kaia"
"Kole","Aliya"
"Aryan","Taliyah"
"Jamie","Yoselin"
"Misael","Ellen"
"Lee","Carlie"
"Alexzander","Monserrat"
"Camren","Jakayla"
"Giovanny","Reyna"
"Amare","Yaritza"
"Rhett","Carolyn"
"Rhys","Clare"
"Nash","Paula"
"Markus","Zaria"
"Deven","Gracelyn"
"Mohammad","Kasey"
"Moshe","Regan"
"Quintin","Alena"
"Dwayne","Angelique"
"Memphis","Regina"
"Atticus","Britney"
"Eugene","Mariam"
"Jax","Jaylee"
"Antoine","Julianne"
"Wayne","Greta"
"Randall","Elyse"
"Semaj","Lainey"
"Uriah","Kallie"
"Clark","Felicity"
"Aidyn","Zion"
"Maxim","Carlee"
"Aditya","Annalise"
"Lawson","Iliana"
"Messiah","Larissa"
"Korbin","Akira"
"Sullivan","Sonia"
"Freddy","Catalina"
"Demarcus","Phoenix"
"Neil","Joslyn"
"King","Mollie"
"Davon","Susan"
"Elvis","Judith"
"Ace","Destiney"
"Dexter","Hillary"
"Heath","Janet"
"Duncan","Katrina"
"Jamar","Mareli"
"Sincere","Ansley"
"Remington","Alexus"
"Kadin","Gia"
"Soren","Maci"
"Tyree","Elsa"
"Damarion","Stacy"
"Talan","Kaylen"
"Adrien","Carissa"
"Gilbert","Haleigh"
"Keenan","Lorena"
"Adolfo","Milagros"
"Tristian","Luz"
"Derick","Leanna"
"Isai","Renee"
"Rylee","Shaniya"
"Gauge","Charlie"
"Harold","Abbie"
"Kareem","Cailyn"
"Deangelo","Cherish"
"Coleman","Jazmyn"
"Zavier","Elaine"
"Lamar","Emmalee"
"Emery","Luciana"
"Jaydin","Dahlia"
"Devan","Jamya"
"Jordyn","Belinda"
"Mathias","Mariyah"
"Prince","Chaya"
"Seamus","Rhianna"
"Jasiah","Yadira"
"Efrain","Aryana"
"Darryl","Rosemary"
"Arjun","Armani"
"Mike","Cecelia"
"Roland","Celia"
"Conrad","Barbara"
"Kamron","Cristal"
"Santos","Rayna"
"Frankie","Campbell"
"Dominique","Amina"
"Marley","Aisha"
"Vance","Amirah"
"Dax","Ally"
"Jamir","Araceli"
"Kylan","Averie"
"Todd","Mayra"
"Jabari","Patience"
"Matthias","Leyla"
"Haiden","Selah"
"Luka","Zara"
"Marcelo","Chanel"
"Keon","Kaiya"
"Layton","Keyla"
"Tyrell","Miah"
"Kash","Aimee"
"Cullen","Amelie"
"Donte","Kelsie"
"Jovani","Alisson"
"Cordell","Angeline"
"Kasen","Dominique"
"Rory","Adrienne"
"Alfred","Brisa"
"Darwin","Cierra"
"Ernest","Paloma"
"Gaige","Precious"
"Hassan","Alma"
"Jamarcus","Charity"
"Killian","Jacquelyn"
"Augustus","Janae"
"Trevin","Frances"
"Zain","Shyla"
"Ellis","Janiah"
"Rex","Kierra"
"Bruno","Annabel"
"Jaidyn","Jacey"
"Justus","Karissa"
"Ronin","Jaylah"
"Humberto","Xiomara"
"Jaquan","Edith"
"Josh","Marianna"
"Kasey","Damaris"
"Winston","Deborah"
"Lucian","Evelin"
"Matias","Mara"
"Sidney","Olive"
"Ignacio","Ayana"
"Nigel","India"
"Van","Kendal"
"Elian","Kayley"
"Finley","Tamara"
"Jaron","Briley"
"Aedan","Nylah"
"Braedon","Abbey"
"Jadyn","Moriah"
"Konner","Saige"
"Zayne","Savanah"
"Franco","Giada"
"Niko","Hana"
"Savion","Lizeth"
"Cristofer","Matilda"
"Krish","Jazlene"
"Anton","Gillian"
"Brogan","Beatrice"
"Cael","Ireland"
"Coby","Karly"
"Kymani","Mylie"
"Marcel","Yasmine"
"Yair","Ashly"
"Dale","Kenna"
"Jordon","Corinne"
"Samir","Keely"
"Darien","Tanya"
"Zaire","Tianna"
"Ross","Adalynn"
"Vaughn","Ryann"
"Devyn","Salma"
"Kenyon","Areli"
"Clay","Karma"
"Ishaan","Kaley"
"Jair","Theresa"
"Kael","Evie"
"Adonis","Gina"
"Jovanny","Roselyn"
"Clinton","Kaila"
"Rey","Jaylen"
"Chaim","Natalya"
"German","Meadow"
"Nathen","Aliza"
"Rigoberto","Yuliana"
"Sonny","June"
"Glenn","Lilianna"
"Octavio","Nathaly"
"Blaze","Ali"
"Keshawn","Alisa"
"Ralph","Aracely"
"Ean","Belen"
"Rayan","Jocelynn"
"Sterling","Litzy"
"Branson","Makena"
"Jadiel","Abagail"
"Dillan","Giuliana"
"Jeramiah","Joyce"
"Koen","Libby"
"Konnor","Lillianna"
"Antwan","Thalia"
"Tyrese","Sarahi"
"Dereon","Zaniyah"
"Leonidas","Kristin"
"Zack","Lorelai"
"Fisher","Mattie"
"Jaydan","Taniya"
"Quinten","Jaslyn"
"Nick","Gemma"
"Urijah","Valery"
"Jovan","Mckinley"
"Salvatore","Micah"
"Beckham","Deja"
"Jarrett","Frida"
"Antony","Brynlee"
"Eden","Jewel"
"Makai","Krista"
"Zaiden","Mira"
"Broderick","Yamilet"
"Malaki","Carina"
"Nikolai","Karli"
"Howard","Magdalena"
"Immanuel","Stephany"
"Demarion","Charlize"
"Valentino","Raelynn"
"Jovanni","Aliana"
"Ayaan","Cassie"
"Ethen","Mina"
"Royce","Shirley"
"Yael","Marlie"
"Yosef","Alani"
"Jean","Taniyah"
"Marquise","Cloe"
"Alden","Sanai"
"Leroy","Lina"
"Gaven","Nola"
"Jovany","Anabella"
"Aarav","Raina"
"Kadyn","Mariela"
"Milton","Ariella"
"Zaid","Bria"
"Kelton","Kamari"
"Tripp","Monique"
"Kamren","Ashleigh"
"Slade","Reina"
"Hezekiah","Alia"
"Nathanial","Lara"
"Rishi","Lilia"
"Shamar","Justine"
"Geovanni","Leia"
"Pranav","Maribel"
"Roderick","Abigayle"
"Bentley","Tiara"
"Clarence","Alannah"
"Lyric","Princess"
"Carmelo","Kamora"
"Denzel","Paityn"
"Maximillian","Payten"
"Reynaldo","Naima"
"Cassius","Gretchen"
"Gordon","Heidy"
"Reuben","Nyasia"
"Samson","Livia"
"Yadiel","Marin"
"Reilly","Maryjane"
"Sheldon","Laci"
"Abdullah","Nathalia"
"Jagger","Azaria"
"Thaddeus","Anabel"
"Case","Chasity"
"Kyson","Emmy"
"Lamont","Izabelle"
"Chaz","Denisse"
"Jan","Mireya"
"Marques","Shea"
"Oswaldo","Amiah"
"Donavan","Dixie"
"Keyon","Maren"
"Kyan","Averi"
"Simeon","Esperanza"
"Trystan","Micaela"
"Andreas","Selina"
"Landin","Chana"
"Reagan","Avah"
"Turner","Donna"
"Arnav","Kaylah"
"Brenton","Ashtyn"
"Callum","Karsyn"
"Jayvion","Makaila"
"Bridger","Shayna"
"Sammy","Essence"
"Jaylan","Miya"
"Lennon","Rory"
"Odin","Desirae"
"Abdiel","Kianna"
"Jerimiah","Laurel"
"Eliezer","Neveah"
"Bronson","Amaris"
"Cornelius","Hadassah"
"Pierre","Dania"
"Baron","Jamiya"
"Carlo","Kathy"
"Carsen","Laylah"
"Fletcher","Riya"
"Izayah","Diya"
"Kolten","Carleigh"
"Damari","Iyana"
"Hugh","Kenley"
"Jensen","Sloane"
